0,1,2,3,4,5,6,7,8,9,10,11,12,13,14,15,16,17,18,19,20,21,22,23,24,25
80.0,-19.14,-26.51,-27.029472285711734,5.7774994591085855,80.0,-17.82,-25.12,-24.046918769779964,5.437453448076591,80.0,-19.82,-26.46,-26.849626982078643,5.42269305788185,80.0,-21.58,-28.16,-28.798254352126108,5.955585613522823,80.0,-19.53,-26.08,-27.11301726884329,5.936000336927212,-17.82
80.8,-18.91,-25.8,-26.998267191153715,5.62201031660384,80.8,-17.24,-24.06,-23.71157760932498,5.443243518344555,80.8,-19.5,-26.14,-26.795898533327886,5.5742802225937655,80.8,-21.57,-28.17,-28.927748890743995,5.903769981969148,80.8,-19.42,-26.0,-27.17216970553801,5.840505115142013,-17.24
81.608,-18.62,-25.09,-26.93043433212985,5.509246772472622,81.608,-16.68,-23.07,-23.414884727707015,5.438097093653257,81.608,-19.32,-26.01,-26.76917986104555,5.624179940222397,81.608,-21.45,-28.06,-29.01057180397833,5.89157024909319,81.608,-19.23,-25.9,-27.1966969915638,5.749452147813737,-16.68
82.42408,-18.27,-24.47,-26.847710827700485,5.476805638326049,82.42408,-16.17,-22.28,-23.14989675286776,5.45140348901088,82.42408,-19.12,-25.86,-26.749617164586965,5.642038638648268,82.42408,-21.31,-28.0,-29.081714923002487,5.875755270601388,82.42408,-19.05,-25.8,-27.175280056802496,5.631065618513071,-16.17
83.2483208,-18.03,-24.17,-26.65841154625165,5.432034609609921,83.2483208,-15.65,-21.7,-22.864138303879233,5.525911689486178,83.2483208,-19.0,-25.85,-26.686708553816963,5.555141762367545,83.2483208,-21.3,-28.11,-29.09216624214749,5.726927623080285,83.2483208,-18.89,-25.76,-27.03752236839499,5.437968370632548,-15.65
84.080804008,-17.78,-24.0,-26.05512577378581,5.401444251309089,84.080804008,-15.34,-21.51,-22.474767885051108,5.4490824915759895,84.080804008,-18.88,-25.87,-26.23487995061603,5.4149515233287175,84.080804008,-21.35,-28.34,-28.89148183534829,5.479288274949585,84.080804008,-18.25,-25.29,-26.02388244255673,5.414397473403666,-15.34
84.92161204808002,-17.34,-23.7,-25.151345611750344,5.413510875577881,84.92161204808002,-14.95,-21.27,-21.58902828064753,5.422416435501796,84.92161204808002,-18.44,-25.57,-25.567282035337076,5.430626114915294,84.92161204808002,-21.02,-28.19,-28.114008650355238,5.408678211910927,84.92161204808002,-17.55,-24.78,-24.672393676246934,5.395600059307584,-14.95
85.77082816856081,-16.79,-23.11,-24.37651439369185,5.435393270040356,85.77082816856081,-14.42,-20.73,-20.845239407813345,5.435770414577863,85.77082816856081,-17.89,-25.03,-24.81321461303863,5.4295579930598405,85.77082816856081,-20.47,-27.66,-27.40448506396677,5.400685141720446,85.77082816856081,-16.6,-23.83,-23.560570102497806,5.440863901992035,-14.42
86.62853645024641,-16.14,-22.18,-24.05433838567141,5.446797224057455,86.62853645024641,-13.82,-19.8,-20.546003137802447,5.430073664325374,86.62853645024641,-17.19,-24.03,-24.35480943556873,5.439898896119303,86.62853645024641,-19.77,-26.68,-26.84147584915041,5.419492596175402,86.62853645024641,-15.58,-22.49,-22.832573662135548,5.4224533193011455,-13.82
87.49482181474887,-15.33,-20.86,-23.979255860208422,5.495652827462812,87.49482181474887,-12.99,-18.47,-20.476502377673267,5.496489788947125,87.49482181474887,-16.39,-22.69,-24.263093676154174,5.456271620804816,87.49482181474887,-18.8,-25.1,-26.71897775751282,5.5482339532503495,87.49482181474887,-14.5,-20.84,-22.22942320696096,5.541091950148454,-12.99
88.36977003289637,-14.71,-19.67,-23.75582486939136,5.43198858614412,88.36977003289637,-12.4,-17.29,-20.3526343218515,5.457636851238822,88.36977003289637,-15.59,-21.26,-23.849436052647988,5.466086351312062,88.36977003289637,-18.22,-23.89,-26.46635321987535,5.424435454496624,88.36977003289637,-13.65,-19.33,-21.84932389534162,5.420673389902772,-12.4
89.25346773322535,-14.05,-18.54,-22.587990730278214,5.417139466545051,89.25346773322535,-11.88,-16.28,-19.484432324892982,5.4343904902021904,89.25346773322535,-14.83,-20.02,-22.71509986006001,5.446182148992079,89.25346773322535,-17.47,-22.62,-25.211669159343728,5.428130433215474,89.25346773322535,-12.97,-18.14,-20.627361333918213,5.444676298918054,-11.88
90.1460024105576,-13.54,-17.71,-21.274107644747065,5.434574500363392,90.1460024105576,-11.48,-15.58,-18.342473208752367,5.429327766860277,90.1460024105576,-14.19,-19.07,-21.402418145619873,5.43548525892583,90.1460024105576,-16.86,-21.63,-23.84698022669715,5.4602106186483335,90.1460024105576,-12.64,-17.48,-19.708308147061288,5.4248502283473234,-11.48
91.04746243466316,-13.23,-17.3,-20.78908293965806,5.424887095599319,91.04746243466316,-11.23,-15.23,-17.917258078267025,5.423882373355824,91.04746243466316,-13.63,-18.41,-20.634681001275762,5.427936993002038,91.04746243466316,-16.31,-21.04,-23.162098697339115,5.433065433068148,91.04746243466316,-12.42,-17.16,-19.282680446142656,5.455300175059113,-11.23
91.9579370590098,-12.67,-16.86,-20.780388637785627,5.683695980609801,91.9579370590098,-10.7,-14.84,-17.919145942678497,5.69285517117729,91.9579370590098,-13.06,-17.96,-20.54518250153525,5.492321913362327,91.9579370590098,-15.75,-20.58,-23.08916051917231,5.510617025342988,91.9579370590098,-11.94,-16.8,-19.29137203716536,5.721407169569389,-10.7
92.87751642959991,-12.25,-16.79,-21.161033888311614,5.961191156136497,92.87751642959991,-10.21,-14.71,-18.222453054639768,5.972118552071786,92.87751642959991,-12.34,-17.54,-20.55958182486355,5.737063708901968,92.87751642959991,-15.0,-20.16,-23.10880740516629,5.754528651418811,92.87751642959991,-11.58,-16.74,-19.680459137728146,5.951377991692342,-10.21
93.80629159389588,-12.24,-17.29,-21.24230012877455,5.901499809370496,93.80629159389588,-10.22,-15.27,-18.291195137540022,5.885490633753486,93.80629159389588,-12.16,-17.8,-20.527715984874973,5.6153895679640975,93.80629159389588,-14.87,-20.48,-23.084036096810003,5.630967945211551,93.80629159389588,-11.47,-17.09,-19.759112382732877,5.956542621353432,-10.22
94.74435450983485,-12.78,-18.39,-20.97233902658466,5.427467180923345,94.74435450983485,-10.76,-16.39,-17.989389892797348,5.419612532275716,94.74435450983485,-12.1,-18.18,-19.793848180653637,5.430009208095323,94.74435450983485,-14.82,-20.88,-22.282263148237547,5.433829220724553,94.74435450983485,-12.07,-18.16,-19.559947140730557,5.411718765789662,-10.76
95.6917980549332,-12.48,-18.42,-20.0560755936902,5.450596297654047,95.6917980549332,-10.52,-16.52,-17.164070061666216,5.440119483981947,95.6917980549332,-11.69,-17.96,-18.659109892733927,5.453384270340759,95.6917980549332,-14.4,-20.67,-21.062783532737306,5.419188131076463,95.6917980549332,-11.68,-17.99,-18.401827277517512,5.454026035874783,-10.52
96.64871603548254,-12.11,-18.0,-19.964293356320024,5.4544385595586276,96.64871603548254,-10.16,-16.12,-17.079691300731398,5.512059506209997,96.64871603548254,-11.3,-17.34,-18.41526748523727,5.425172808307584,96.64871603548254,-13.83,-19.88,-20.6138829742033,5.442830146164769,96.64871603548254,-11.19,-17.28,-18.06035799133997,5.451201702377192,-10.16
97.61520319583737,-11.3,-16.84,-19.98276596156523,5.744057799152095,97.61520319583737,-9.45,-15.03,-17.12580903878758,5.776434886675345,97.61520319583737,-10.46,-15.96,-18.392978776347555,5.639592183837411,97.61520319583737,-12.98,-18.47,-20.57703179676002,5.597436913445296,97.61520319583737,-10.5,-16.02,-18.011519561218172,5.6019728667675635,-9.45
98.59135522779577,-10.94,-16.09,-20.019114410427786,5.797361468806305,98.59135522779577,-9.17,-14.35,-17.18987685691339,5.863770118277148,98.59135522779577,-9.86,-14.75,-18.38076207181637,5.7070219904955675,98.59135522779577,-12.42,-17.28,-20.517026168780838,5.546611578252079,98.59135522779577,-9.99,-14.88,-18.007041837642,5.668915240149566,-9.17
99.57726878007372,-11.44,-16.3,-19.887773021978507,5.448715444946633,99.57726878007372,-9.73,-14.58,-17.137702497089435,5.557130554521822,99.57726878007372,-9.9,-14.29,-17.80917609115668,5.437664940027107,99.57726878007372,-12.02,-16.35,-19.60780689246398,5.438685502950138,99.57726878007372,-10.23,-14.59,-17.709394637832172,5.448889795178464,-9.73
100.57304146787443,-11.66,-16.41,-19.45033721856569,5.454484393597619,100.57304146787443,-10.28,-15.01,-17.01879374773345,5.435080496184026,100.57304146787443,-9.84,-13.89,-16.907620691237288,5.4338476239217455,100.57304146787443,-11.73,-15.7,-18.574653854691444,5.4458240882349465,100.57304146787443,-10.49,-14.49,-17.189615280770603,5.4358164060240295,-9.84
101.5787718825532,-11.65,-16.57,-19.41657536367111,5.607396900523452,101.5787718825532,-10.36,-15.23,-17.010285750995962,5.680228868628446,101.5787718825532,-9.91,-13.9,-16.833682026308846,5.489535499475343,101.5787718825532,-11.78,-15.68,-18.492592653255414,5.467732619651404,101.5787718825532,-10.61,-14.56,-17.19612672369319,5.6936982708956405,-9.91
102.59455960137873,-11.37,-16.71,-19.545907770936036,5.908476961112736,102.59455960137873,-10.37,-15.67,-17.412410210150274,6.000816611095527,102.59455960137873,-9.66,-13.92,-17.023654391312128,5.960419448327443,102.59455960137873,-11.5,-15.66,-18.62984063718045,5.939991582485619,102.59455960137873,-11.07,-15.25,-18.03967583191935,5.9564083137407575,-9.66
103.62050519739252,-11.37,-17.27,-19.754090124634253,5.9729473461600175,103.62050519739252,-10.74,-16.63,-17.96971416606977,5.955249784853697,103.62050519739252,-10.17,-14.95,-17.740060996614197,5.9470833187370085,103.62050519739252,-11.94,-16.66,-19.246355076190536,5.9622311260131475,103.62050519739252,-11.9,-16.62,-19.09744688013781,5.943509064517357,-10.17
104.65671024936644,-11.75,-18.2,-19.77999089745623,5.767304396336299,104.65671024936644,-11.16,-17.63,-18.06153096408262,5.922997551915753,104.65671024936644,-10.62,-16.01,-17.814192059637907,5.893971496368133,104.65671024936644,-12.37,-17.74,-19.293402867341204,5.8279842141172615,104.65671024936644,-12.43,-17.79,-19.227566233843188,5.939267631619239,-10.62
105.70327735186012,-12.03,-18.75,-19.72402101057688,5.553098234319289,105.70327735186012,-11.53,-18.3,-18.111851184013773,5.815659893769579,105.70327735186012,-10.96,-16.72,-17.80981333537851,5.679463002784683,105.70327735186012,-12.62,-18.38,-19.24243065398096,5.5771767051080605,105.70327735186012,-12.81,-18.56,-19.28272915965002,5.840145546131534,-10.96
106.76031012537872,-11.91,-18.45,-19.656846241285614,5.507458579054408,106.76031012537872,-11.52,-18.1,-18.176965535687245,5.8777886998428235,106.76031012537872,-10.83,-16.55,-17.783155971675875,5.631962357828753,106.76031012537872,-12.38,-18.11,-19.150546594115404,5.463451290164487,106.76031012537872,-12.87,-18.58,-19.3549095368426,5.865543453082588,-10.83
107.8279132266325,-11.68,-17.75,-19.58599014881011,5.5028538050724185,107.8279132266325,-11.46,-17.54,-18.30412417781769,5.939537018993988,107.8279132266325,-10.56,-15.97,-17.724151735310297,5.545980526471402,107.8279132266325,-11.85,-17.27,-18.8253807446286,5.427282929790927,107.8279132266325,-12.87,-18.26,-19.582091504339246,5.968902746736622,-10.56
108.90619235889885,-11.65,-17.17,-19.35911978173363,5.41830231714695,108.90619235889885,-11.69,-17.2,-18.343549495278186,5.805695479440857,108.90619235889885,-10.3,-15.36,-17.22827177801924,5.424509194388005,108.90619235889885,-11.26,-16.33,-17.973032718707884,5.450999908273711,108.90619235889885,-13.21,-18.25,-19.69738304797811,5.911184314500775,-10.3
109.9952542824878,-11.62,-16.72,-18.98645559001975,5.436671776004139,109.9952542824878,-11.98,-17.03,-18.30937002846726,5.608859064016496,109.9952542824878,-9.88,-14.73,-16.417996974391198,5.445420093987241,109.9952542824878,-10.93,-15.75,-17.267357185462586,5.427365843574579,109.9952542824878,-13.61,-18.42,-19.76682480362395,5.884258661887664,-9.88
111.09520682531272,-11.59,-16.51,-18.914294580509637,5.501763353689434,111.09520682531272,-11.99,-16.85,-18.264528901400887,5.593746508378799,111.09520682531272,-9.69,-14.53,-16.152133324361817,5.436000367917575,111.09520682531272,-10.72,-15.5,-17.04057905721717,5.456500710162145,111.09520682531272,-13.79,-18.54,-19.918048433333983,5.99213651379873,-9.69
112.20615889356584,-11.43,-16.46,-18.88698049204221,5.6179711640413394,112.20615889356584,-11.86,-16.83,-18.247321145726946,5.652698470642141,112.20615889356584,-9.51,-14.59,-16.09934395122971,5.554826729970971,112.20615889356584,-10.51,-15.52,-16.961228506288546,5.507213451465268,112.20615889356584,-14.06,-19.03,-20.248800246735613,5.96443626841632,-9.51
113.32822048250151,-11.55,-16.95,-18.82360479910243,5.519981884028244,113.32822048250151,-11.95,-17.31,-18.17952537085534,5.525513550793265,113.32822048250151,-9.61,-15.17,-16.018978640660688,5.5008453895742235,113.32822048250151,-10.38,-15.87,-16.64526764359653,5.433415132308593,113.32822048250151,-14.31,-19.74,-20.325529696965734,5.888777462258188,-9.61
114.4615026873265,-11.64,-17.55,-18.388264848996364,5.434418092123573,114.4615026873265,-11.96,-17.83,-17.707574790152897,5.440533062118085,114.4615026873265,-9.67,-15.8,-15.586244981304047,5.442775027502055,114.4615026873265,-10.0,-16.07,-15.730705505349086,5.443757893220456,114.4615026873265,-14.74,-20.75,-20.30419443353286,5.626659755130037,-9.67
115.60611771419977,-11.53,-17.75,-18.184740801484846,5.429493530707998,115.60611771419977,-11.78,-17.98,-17.444913983244287,5.4901821463408655,115.60611771419977,-9.61,-16.1,-15.457652015833915,5.456528200238683,115.60611771419977,-9.65,-16.12,-15.325912859231375,5.431666410964502,115.60611771419977,-14.74,-21.14,-20.265844566756453,5.621076409372141,-9.61
116.76217889134178,-11.02,-17.23,-18.18276207343244,5.699061326218555,116.76217889134178,-11.28,-17.45,-17.43686510207144,5.687714831107482,116.76217889134178,-9.15,-15.6,-15.467463905170671,5.720454527395527,116.76217889134178,-9.17,-15.61,-15.284422053020485,5.604453586211594,116.76217889134178,-14.33,-20.74,-20.344966465415364,5.9113281079635565,-9.15
117.9298006802552,-10.87,-16.81,-18.20840461412784,5.769740028805457,117.9298006802552,-11.08,-16.98,-17.44782212278724,5.72343428371463,117.9298006802552,-9.08,-15.23,-15.531941478140741,5.8707750765976385,117.9298006802552,-9.07,-15.24,-15.319681157641284,5.79103617671311,117.9298006802552,-14.44,-20.62,-20.60341990738491,5.937347892788496,-9.07
119.10909868705777,-11.37,-17.03,-18.13302327506549,5.512975603065916,119.10909868705777,-11.54,-17.19,-17.308184908570144,5.436598201081259,119.10909868705777,-9.66,-15.58,-15.523225711878073,5.658100387939402,119.10909868705777,-9.69,-15.65,-15.343085263928455,5.756787298485154,119.10909868705777,-15.05,-21.02,-20.62684335539052,5.75633563997097,-9.66
120.30018967392832,-11.56,-17.18,-18.067251084063212,5.5178800276917945,120.30018967392832,-11.7,-17.31,-17.16698489905626,5.418200808386488,120.30018967392832,-9.93,-15.92,-15.526544910300672,5.707512593065388,120.30018967392832,-10.08,-16.12,-15.47026710355426,5.952352476122361,120.30018967392832,-15.36,-21.38,-20.673531718056747,5.824542900520178,-9.93
121.5031915706676,-11.28,-17.15,-18.187201876450214,5.918699181408023,121.5031915706676,-11.37,-17.2,-17.19347596011115,5.7908375905390415,121.5031915706676,-9.76,-16.14,-15.73598090121229,5.979841135013538,121.5031915706676,-10.7,-17.12,-16.477978514961624,5.943610014124412,121.5031915706676,-15.55,-21.93,-21.302474825547854,5.9460995618976975,-9.76
122.71822348637428,-11.63,-18.0,-18.818706648141287,5.946007063567954,122.71822348637428,-11.3,-17.65,-17.419127052423338,5.964612309278785,122.71822348637428,-9.89,-16.93,-16.154127209745727,5.9697906160936665,122.71822348637428,-11.26,-18.29,-17.24313661228943,5.9650817261794495,122.71822348637428,-15.8,-22.81,-21.806879936929,5.955375722823876,-9.89
123.94540572123805,-12.17,-19.25,-18.86512966332375,5.800534458134009,123.94540572123805,-11.76,-18.8,-17.42582072297014,5.721721768838467,123.94540572123805,-10.33,-18.09,-16.168699550088018,5.735878311122019,123.94540572123805,-11.79,-19.53,-17.38131723588343,5.972545520965077,123.94540572123805,-16.2,-23.92,-21.841127293441943,5.809320097911631,-10.33
125.18485977845042,-12.44,-20.1,-18.87117223092032,5.69592837033613,125.18485977845042,-11.89,-19.53,-17.344566472659334,5.494588246629587,125.18485977845042,-10.51,-18.8,-16.1257036981706,5.5922267479064205,125.18485977845042,-12.15,-20.43,-17.517972472016293,5.972277622482062,125.18485977845042,-16.39,-24.64,-21.835544502913777,5.681672289036037,-10.51
126.43670837623492,-12.27,-20.0,-18.91305326840302,5.81504944089042,126.43670837623492,-11.64,-19.35,-17.28329662669084,5.531482622227066,126.43670837623492,-10.29,-18.51,-16.066017025542386,5.565482908068267,126.43670837623492,-12.31,-20.52,-17.88813190513542,5.963304453069624,126.43670837623492,-16.24,-24.44,-21.861140791612378,5.770970455651286,-10.29
127.70107545999727,-12.1,-19.48,-18.981810536272768,5.87538083872016,127.70107545999727,-11.35,-18.73,-17.215738552166414,5.530036166247016,127.70107545999727,-10.05,-17.73,-16.030316726789838,5.598312245668333,127.70107545999727,-12.4,-20.08,-18.215511992292864,5.982332321093504,127.70107545999727,-16.08,-23.77,-21.913743417473196,5.838587157866191,-10.05
128.97808621459723,-12.15,-19.15,-19.045693290091613,5.856329908739773,128.97808621459723,-11.31,-18.32,-17.16436997121913,5.5546827092103115,128.97808621459723,-9.97,-17.1,-15.971811709398944,5.543049702104429,128.97808621459723,-12.58,-19.7,-18.39158794279588,5.971850634434857,128.97808621459723,-16.12,-23.25,-21.959016586617018,5.817052518243238,-9.97
130.26786707674322,-12.11,-18.85,-19.073558864173265,5.767512462058492,130.26786707674322,-11.09,-17.88,-17.024126436704506,5.429861876696314,130.26786707674322,-9.84,-16.59,-15.917056627939914,5.552675031009828,130.26786707674322,-12.71,-19.46,-18.633615130551505,5.937651050710206,130.26786707674322,-16.08,-22.83,-22.011842259614,5.849282007221057,-9.84
131.57054574751064,-12.14,-19.18,-19.051082759720106,5.640292545604352,131.57054574751064,-10.67,-17.77,-16.577171659585563,5.420239847091639,131.57054574751064,-9.82,-16.69,-15.867286453416812,5.539693132295326,131.57054574751064,-12.82,-19.68,-18.75211315759363,5.9330514914333925,131.57054574751064,-16.14,-23.01,-22.046310258540363,5.792633252675332,-9.82
132.88625120498574,-12.27,-20.2,-18.755229266132854,5.439825364843986,132.88625120498574,-10.26,-18.28,-15.83893247222492,5.424223446724884,132.88625120498574,-9.97,-17.55,-15.709837029648964,5.435384071066184,132.88625120498574,-13.17,-20.73,-18.761283551923388,5.731081922290065,132.88625120498574,-16.42,-23.98,-21.994996034634347,5.573840686636101,-9.97
134.2151137170356,-11.95,-21.22,-18.47433648574181,5.439016455205849,134.2151137170356,-9.79,-19.12,-15.461695463567187,5.417988556650891,134.2151137170356,-9.83,-18.55,-15.632440512834275,5.49061927290538,134.2151137170356,-13.13,-21.82,-18.764243878977798,5.71400035001749,134.2151137170356,-16.33,-25.01,-21.93153336072213,5.516647532695922,-9.79
135.55726485420595,-11.52,-21.9,-18.392480341588648,5.4842045913696555,135.55726485420595,-9.28,-19.65,-15.328045599585211,5.430598493720559,135.55726485420595,-9.39,-19.03,-15.627181441173516,5.692459925199298,135.55726485420595,-12.72,-22.32,-18.818812250189033,5.8581396364374925,135.55726485420595,-15.9,-25.51,-21.89354492402659,5.5879334283794035,-9.28
136.912837502748,-11.17,-21.82,-17.53348844698739,5.451504379526812,136.912837502748,-8.73,-19.3,-14.497415422270887,5.422204348786571,136.912837502748,-9.58,-19.36,-15.540593947704279,5.476257846376483,136.912837502748,-12.9,-22.66,-18.76739773737786,5.562948858294493,136.912837502748,-15.76,-25.51,-21.416624467916485,5.431261363624476,-8.73
138.2819658777755,-10.63,-21.05,-16.04688067214585,5.5708168162308125,138.2819658777755,-8.37,-18.73,-13.635098891000096,5.444318139124493,138.2819658777755,-9.67,-19.19,-15.115432804805355,5.4329549970527085,138.2819658777755,-12.91,-22.41,-18.24875405695381,5.430957558294853,138.2819658777755,-15.4,-24.9,-20.51842640301102,5.44034006290048,-8.37
139.66478553655324,-10.49,-21.01,-16.0101832951779,5.599294598429341,139.66478553655324,-8.01,-18.49,-13.610078227271632,5.624419970094694,139.66478553655324,-9.28,-18.87,-15.14523262798784,5.776859008146208,139.66478553655324,-12.48,-22.08,-18.21992322305166,5.6218235475688845,139.66478553655324,-14.99,-24.58,-20.446423194651388,5.5137464577182005,-8.01
141.06143339191877,-10.27,-21.73,-16.004758322250318,5.679093237480786,141.06143339191877,-7.74,-19.16,-13.666261525215337,5.847503740913725,141.06143339191877,-9.27,-19.79,-15.487308111146252,5.96447818337866,141.06143339191877,-12.16,-22.69,-18.238860201174415,5.759105833373789,141.06143339191877,-14.65,-25.19,-20.393232593029005,5.567027932389059,-7.74
142.47204772583797,-10.4,-23.88,-15.61487345658175,5.613243269269558,142.47204772583797,-8.12,-21.67,-13.665379134912458,5.697104527740384,142.47204772583797,-9.78,-22.48,-15.529130565079196,5.814370129257339,142.47204772583797,-12.46,-25.21,-18.11968867956263,5.4617030311066905,142.47204772583797,-14.79,-27.52,-20.104174195445623,5.320601469758847,-8.12
143.89676820309634,-10.52,-27.6,-15.535233240107903,5.496944605869701,143.89676820309634,-8.21,-25.46,-13.683665014382456,5.7443015241193605,143.89676820309634,-9.88,-26.3,-15.60357312278306,5.904151082077762,143.89676820309634,-12.32,-28.82,-17.92676530511941,5.4540352034067405,143.89676820309634,-14.27,-30.72,-19.534216277132558,5.443868110084961,-8.21
145.33573588512732,-10.14,-31.85,-15.534863405880909,5.682411459934945,145.33573588512732,-8.08,-29.82,-13.854516095899113,5.956038952189617,145.33573588512732,-9.96,-30.25,-16.11922757240902,5.9567440770944655,145.33573588512732,-11.86,-32.2,-17.886825117504753,5.579292069788067,145.33573588512732,-13.82,-34.08,-19.4563727218273,5.4979359763460325,-8.08
146.78909324397858,-10.32,-32.05,-15.48464169171054,5.509637011636974,146.78909324397858,-8.29,-29.52,-13.991671316242654,5.941514958325023,146.78909324397858,-10.19,-29.66,-16.18666388252951,5.869062957576787,146.78909324397858,-11.88,-31.35,-17.744825224775145,5.4283514993043696,146.78909324397858,-13.59,-32.99,-19.04385357023013,5.436809726300894,-8.29
148.25698417641837,-10.41,-29.66,-15.221428323266132,5.452348118013009,148.25698417641837,-8.53,-27.32,-14.073359082317603,5.939511764446638,148.25698417641837,-10.38,-28.26,-16.24237890319701,5.852213256538078,148.25698417641837,-11.67,-29.59,-17.437945979327136,5.444391609720961,148.25698417641837,-13.33,-31.2,-18.667898288936225,5.444051799900511,-8.53
149.73955401818256,-10.18,-28.57,-15.19707504358434,5.625886596795211,149.73955401818256,-8.77,-26.78,-14.547945799227149,5.96832472306928,149.73955401818256,-10.43,-28.62,-16.60951626632692,5.958615611029125,149.73955401818256,-11.3,-29.56,-17.39323623406391,5.600928494455181,149.73955401818256,-12.96,-31.18,-18.614113582878584,5.569533194083683,-8.77
151.23694955836442,-10.19,-29.44,-15.225855109191071,5.706014370819617,151.23694955836442,-9.14,-28.14,-15.191741304831902,5.955854262824099,151.23694955836442,-10.69,-31.48,-17.066995188967947,5.958271561451357,151.23694955836442,-11.07,-31.96,-17.392929287277695,5.691827474546289,151.23694955836442,-12.68,-33.55,-18.597994587341407,5.640443244994137,-9.14
152.74931905394803,-10.22,-32.55,-15.280038120049074,5.832889506925363,152.74931905394803,-9.58,-31.84,-15.827647214322164,5.958665958081558,152.74931905394803,-10.97,-37.29,-17.584569652327648,5.943946500432182,152.74931905394803,-10.87,-37.12,-17.41599535337933,5.765847726050352,152.74931905394803,-12.39,-38.79,-18.61429492431392,5.744614869597439,-9.58
154.2768122444875,-10.38,-39.98,-15.597067515180392,5.933203182093125,154.2768122444875,-10.1,-39.42,-16.630310026389527,5.968860862844768,154.2768122444875,-11.27,-38.24,-18.174592174603127,5.95556882253912,154.2768122444875,-10.65,-37.36,-17.483557267586697,5.877618565371523,154.2768122444875,-12.02,-38.88,-18.692339717210537,5.877116639985973,-10.1
155.81958036693237,-10.78,-35.91,-16.121573781712502,5.9003135509903215,155.81958036693237,-10.63,-34.8,-17.26922061691891,5.949159604515582,155.81958036693237,-11.6,-32.91,-18.56701814729182,5.9396127819917695,155.81958036693237,-10.67,-31.98,-17.54944908868155,5.849589729203237,155.81958036693237,-12.01,-33.27,-18.74206783764549,5.837902020417952,-10.63
157.3777761706017,-10.68,-30.5,-16.08184722649204,5.564845011318823,157.3777761706017,-10.31,-29.65,-17.170789107160896,5.546755808578559,157.3777761706017,-11.44,-30.13,-18.58235823610117,5.750034782503492,157.3777761706017,-10.57,-29.34,-17.605238639555022,5.840188353126978,157.3777761706017,-11.96,-30.67,-18.88899104112902,5.9637572049841205,-10.31
158.95155393230772,-10.32,-30.03,-15.968269461166209,5.479324775919019,158.95155393230772,-9.91,-29.25,-17.04965061284187,5.459798531081527,158.95155393230772,-11.21,-31.68,-18.586437177216872,5.697903123079578,158.95155393230772,-10.39,-30.92,-17.6945433274075,5.929257963691579,158.95155393230772,-11.87,-32.37,-19.015398068110933,5.970242876131589,-9.91
160.54106947163083,-10.31,-30.65,-15.984955249127196,5.740087107352989,160.54106947163083,-9.91,-30.11,-17.184709398597324,5.942507888089001,160.54106947163083,-11.28,-33.69,-18.850185133489877,5.970016750395263,160.54106947163083,-10.41,-32.75,-17.838663828751198,5.964847022346842,160.54106947163083,-11.81,-34.26,-19.094505323444007,5.881377389693676,-9.91
162.14648016634712,-10.35,-35.2,-16.184897100220034,5.964570395258992,162.14648016634712,-10.49,-35.68,-18.09968445838531,5.935301171802489,162.14648016634712,-11.61,-40.52,-19.519010341197244,5.9757928344279145,162.14648016634712,-10.49,-39.26,-18.210506554104764,5.955501658130909,162.14648016634712,-11.55,-40.62,-19.239177787235512,5.977307085971072,-10.35
163.7679449680106,-11.42,-39.08,-16.577978488196162,5.4273474183987895,163.7679449680106,-10.93,-39.25,-18.822634144382715,5.960167782873231,163.7679449680106,-12.04,-41.04,-20.130712214287318,5.849529895641187,163.7679449680106,-10.49,-39.48,-18.479309651084964,5.9615518113994455,163.7679449680106,-11.44,-40.26,-19.557277112394285,5.961644068543509,-10.49
165.40562441769072,-11.76,-29.99,-16.287611412427864,5.4121160371891515,165.40562441769072,-11.39,-29.54,-19.044819074058847,5.886212704277685,165.40562441769072,-12.3,-31.04,-20.156799896534228,5.776798421271076,165.40562441769072,-10.82,-29.44,-18.493351429053774,5.736139816984937,165.40562441769072,-11.69,-30.32,-19.552823274245643,5.692969348239987,-10.82
167.05968066186762,-11.8,-25.96,-16.194283465476904,5.478421305449227,167.05968066186762,-11.45,-25.42,-19.316805171817933,6.0417629877379335,167.05968066186762,-12.3,-27.22,-20.20486332838644,5.829794164462412,167.05968066186762,-10.89,-25.69,-18.48932546669362,5.698920950495803,167.05968066186762,-11.63,-26.48,-19.52005996346148,5.62950264232996,-10.89
168.73027746848632,-11.22,-23.93,-16.18646023585658,6.006338318809554,168.73027746848632,-11.79,-24.32,-20.092827179010797,5.961115667389788,168.73027746848632,-12.17,-26.07,-20.400149632635628,5.968726832415771,168.73027746848632,-10.68,-24.46,-18.534312286309493,5.840761936596972,168.73027746848632,-11.41,-25.25,-19.523797066893835,5.725565474256669,-10.68
170.41758024317116,-11.96,-25.43,-16.00407758130058,5.437140792732888,170.41758024317116,-12.33,-25.69,-20.08601999338303,5.6848746688031735,170.41758024317116,-12.64,-27.7,-20.428317681955768,5.77517099313951,170.41758024317116,-11.0,-25.99,-18.495331985911214,5.651548460377919,170.41758024317116,-11.76,-26.79,-19.44133843705705,5.460897362155785,-11.0
172.12175604560287,-11.72,-27.7,-15.949500352239752,5.702920304545732,172.12175604560287,-12.16,-28.31,-20.082110797338537,5.687266478722445,172.12175604560287,-12.61,-30.81,-20.51091939634691,5.927048169198559,172.12175604560287,-10.94,-29.11,-18.506500858276123,5.7257401268307655,172.12175604560287,-11.54,-29.77,-19.384136121372848,5.526445512261929,-10.94
173.84297360605893,-11.05,-26.63,-15.981344801007529,7.112692879634267,173.84297360605893,-11.66,-27.47,-20.065505067223352,5.657791088401903,173.84297360605893,-12.61,-30.73,-20.860870511536735,5.947570932742207,173.84297360605893,-10.58,-28.62,-18.589289221509926,5.907368280376635,173.84297360605893,-11.12,-29.23,-19.37847790240365,5.649575205269862,-10.58
175.58140334211947,-11.2,-23.94,-16.001068526980347,5.534220812363743,175.58140334211947,-11.53,-24.3,-19.58740977732814,5.460485326415593,175.58140334211947,-12.87,-26.46,-20.812170468306103,5.53874534529256,175.58140334211947,-10.78,-24.28,-18.539674405490477,5.564755160831426,175.58140334211947,-11.1,-24.62,-19.040061460725788,5.424444672037867,-10.78
177.3372173755407,-11.27,-23.55,-16.06732600155069,5.734675230560142,177.3372173755407,-11.65,-23.76,-19.620853597337376,5.7686306867401385,177.3372173755407,-12.85,-24.47,-20.548464716130407,5.423366113402264,177.3372173755407,-10.71,-22.28,-18.395414726874996,5.391752961699934,177.3372173755407,-10.73,-22.31,-18.585632854769784,5.436763743257563,-10.71
179.11058954929612,-11.92,-25.96,-16.50458748739045,6.705766175464218,179.11058954929612,-12.53,-26.34,-20.6319160809306,5.9581205090196026,179.11058954929612,-12.75,-25.62,-20.576538609341192,5.778797452757798,179.11058954929612,-10.64,-23.45,-18.359901301382266,5.606335701686084,179.11058954929612,-10.58,-23.39,-18.514527721153136,5.5154056967733585,-10.58
180.90169544478906,-12.58,-30.98,-16.84593131820533,5.903126290365133,180.90169544478906,-13.43,-31.53,-21.61280016203575,5.9488486280960275,180.90169544478906,-13.27,-30.51,-21.309351693949058,5.989348879469286,180.90169544478906,-10.67,-27.92,-18.49794453707246,5.96798123321446,180.90169544478906,-10.36,-27.57,-18.530134207560472,5.733742233480679,-10.36
182.7107123992369,-13.53,-38.02,-18.260872139362768,5.417877813313992,182.7107123992369,-13.89,-38.75,-22.031492922874023,5.9553169521025495,182.7107123992369,-13.94,-37.72,-21.969879830027953,5.965794163395182,182.7107123992369,-11.26,-35.27,-18.965886911628626,5.956794439965173,182.7107123992369,-10.5,-34.47,-18.579516223987028,5.797180349100759,-10.5
184.5378195232293,-13.52,-32.77,-18.35457672822525,5.718749863387978,184.5378195232293,-14.14,-33.53,-22.627502917655825,5.959177795635902,184.5378195232293,-14.36,-33.54,-22.754507370468477,5.947444829504516,184.5378195232293,-11.73,-30.89,-19.665127951399626,5.956718895499433,184.5378195232293,-10.83,-29.98,-19.02528881517217,5.785369478261522,-10.83
186.38319771846162,-13.69,-30.27,-18.495324507877786,5.739146277975498,186.38319771846162,-14.52,-30.94,-22.665922373673514,5.803955547727774,186.38319771846162,-14.73,-31.0,-22.82509586574952,5.884632528884026,186.38319771846162,-12.15,-28.39,-19.79648547685705,5.945569779255811,186.38319771846162,-11.22,-27.45,-19.033867230070268,5.71389534380881,-11.22
188.24702969564618,-13.89,-32.28,-18.522917002601247,6.6139095851092495,188.24702969564618,-14.71,-32.7,-22.6952028242602,5.768205960261822,188.24702969564618,-14.9,-32.6,-22.900166434170536,5.904083332745228,188.24702969564618,-12.47,-30.17,-20.026336182080524,5.974194506374898,188.24702969564618,-11.47,-29.1,-19.105806970325094,5.840188353126978,-11.47
190.1294999926026,-13.89,-43.83,-21.28270473402717,5.9601090594048705,190.1294999926026,-15.22,-43.93,-22.653517446501713,5.599955356964911,190.1294999926026,-15.68,-43.63,-22.83708672916648,5.523821141202889,190.1294999926026,-13.07,-41.27,-20.094386248909863,5.845083404024273,190.1294999926026,-12.09,-40.03,-19.16798835910874,5.888132131669601,-12.09
192.03079499252868,-14.71,-35.88,-22.070128647118654,5.973993639099393,192.03079499252868,-15.57,-37.12,-22.977887305117036,5.9733072916099,192.03079499252868,-15.86,-37.78,-23.004957415494214,5.977198340359805,192.03079499252868,-13.76,-35.76,-21.001316190897352,5.964461417429072,192.03079499252868,-12.74,-34.76,-19.80018330977586,5.9524532757511,-12.74
193.95110294245399,-15.05,-30.29,-22.10272945523253,5.7867002687196445,193.95110294245399,-15.88,-31.15,-22.982803638550287,5.713921595541892,193.95110294245399,-16.19,-31.94,-23.032451391837448,5.767330404962075,193.95110294245399,-14.15,-29.88,-21.019541792007534,5.746973116345682,193.95110294245399,-13.07,-28.76,-19.84512221177644,5.825332608529746,-13.07
195.89061397187854,-15.51,-29.78,-22.07521279938295,5.62716624954337,195.89061397187854,-16.3,-30.43,-22.90947032373725,5.490692123949404,195.89061397187854,-16.6,-31.0,-22.979433475851536,5.556806636909368,195.89061397187854,-14.58,-28.93,-20.975727919307822,5.57008976588349,195.89061397187854,-13.53,-27.83,-19.859311336711606,5.739947734953692,-13.53
197.8495201115973,-15.52,-32.39,-22.10413208112001,5.772235268940448,197.8495201115973,-16.24,-32.79,-22.867342751024427,5.601294493239934,197.8495201115973,-16.58,-33.08,-22.9553880118436,5.635601121442147,197.8495201115973,-14.58,-31.03,-20.97196177979756,5.704086254607304,197.8495201115973,-13.62,-30.03,-19.941262752387107,5.907783002108321,-13.62
199.82801531271332,-15.57,-34.54,-22.15745399713541,5.823100548676796,199.82801531271332,-16.2,-35.13,-22.839941369528322,5.630461792783962,199.82801531271332,-16.56,-35.38,-22.94934865591268,5.681883490533751,199.82801531271332,-14.59,-33.5,-21.000525583244947,5.773300615765648,199.82801531271332,-14.12,-33.02,-20.060369783093897,5.752929688428322,-14.12
201.82629546584042,-15.56,-31.09,-22.230967835760946,5.882626964205703,201.82629546584042,-16.12,-31.93,-22.83067183885828,5.6743369656727305,201.82629546584042,-16.5,-32.1,-22.96625309476747,5.73551218288306,201.82629546584042,-14.57,-30.23,-21.06181042237448,5.866429919465501,201.82629546584042,-14.32,-29.98,-20.088521016409658,5.774573577330191,-14.32
203.84455842049886,-15.71,-29.71,-22.29570732959321,5.85842128905049,203.84455842049886,-16.18,-30.42,-22.815371818600248,5.659001678741578,203.84455842049886,-16.57,-30.19,-22.98362611123317,5.746285756904193,203.84455842049886,-14.7,-28.29,-21.13553412496598,5.8944210911674775,203.84455842049886,-14.61,-28.21,-20.106422410079208,5.750226082511888,-14.61
205.88300400470382,-16.24,-31.38,-22.274071600269256,5.643270328453173,205.88300400470382,-16.6,-31.9,-22.68124280524857,5.416437943888954,205.88300400470382,-17.06,-31.5,-22.90238220898046,5.501318023892093,205.88300400470382,-15.57,-29.91,-20.542097378619264,5.442232997584723,205.88300400470382,-15.13,-29.48,-20.026396745382346,5.599053491439424,-15.13
207.94183404475086,-16.32,-35.57,-22.276526108504672,5.707994393830463,207.94183404475086,-16.56,-35.57,-22.562516656190056,5.454768556043417,207.94183404475086,-17.05,-35.51,-22.836141559471734,5.532639514734355,207.94183404475086,-15.62,-33.92,-20.417833051246397,5.464805577511426,207.94183404475086,-15.28,-33.6,-19.99214354982893,5.614169573498828,-15.28
210.0212523851984,-16.12,-40.59,-22.331604866066442,5.8511708230062816,210.0212523851984,-16.28,-39.87,-22.533667173479785,5.621565618224162,210.0212523851984,-16.79,-39.59,-22.821259222801785,5.661139461274559,210.0212523851984,-15.4,-38.17,-20.37865335126265,5.603124128555425,210.0212523851984,-15.11,-37.99,-20.008571990779604,5.742177287405884,-15.11
212.12146490905042,-16.01,-36.07,-22.385180488238912,5.863122035230036,212.12146490905042,-16.1,-36.28,-22.51623109593033,5.662013776034106,212.12146490905042,-16.63,-36.57,-22.837151828246764,5.739904180384897,212.12146490905042,-15.31,-35.3,-20.370573123085965,5.681487481285162,212.12146490905042,-15.07,-35.11,-20.042217686149574,5.79418674189916,-15.07
214.24267955814088,-15.91,-34.34,-22.443369669334494,5.853118826745276,214.24267955814088,-15.93,-34.76,-22.506726264600356,5.6828338001388,214.24267955814088,-16.53,-36.34,-22.878540770163216,5.811781138343048,214.24267955814088,-15.26,-35.12,-20.403504005544022,5.783061472957036,214.24267955814088,-15.15,-35.02,-20.10771950450729,5.808244140874247,-15.15
216.38510635372228,-16.0,-37.01,-22.37364949398572,5.505324695238238,216.38510635372228,-15.75,-37.45,-22.16053341897784,5.436772939897344,216.38510635372228,-16.61,-40.01,-22.810760702491468,5.5229068433208255,216.38510635372228,-15.42,-38.96,-20.34972626831453,5.543960678071228,216.38510635372228,-15.2,-38.69,-20.057114109335085,5.6259754709739,-15.2
218.54895741725952,-15.49,-42.08,-21.803290155918244,5.4394944618043315,218.54895741725952,-15.34,-43.07,-21.693169640611547,5.4204151132547045,218.54895741725952,-16.28,-42.21,-22.33331252182519,5.454621893403795,218.54895741725952,-15.07,-40.98,-19.998683636704836,5.432301538022351,218.54895741725952,-15.13,-41.01,-19.873446156718266,5.435761216241937,-15.07
220.73444699143207,-15.1,-47.53,-21.75514804625368,5.586779036260519,220.73444699143207,-14.99,-48.3,-21.67910327393319,5.661104132587564,220.73444699143207,-15.96,-54.67,-22.303548602240916,5.631181048412491,220.73444699143207,-14.75,-53.45,-19.94564298387592,5.56044962210791,220.73444699143207,-14.82,-53.71,-19.82676648538294,5.577409793084958,-14.75
222.94179146134644,-14.71,-41.43,-21.80391367708116,5.829416780433529,222.94179146134644,-14.7,-42.05,-21.821624052710252,5.948319090297695,222.94179146134644,-15.61,-43.18,-22.385429645729527,5.932191837761151,222.94179146134644,-14.4,-42.42,-19.97666722822849,5.7800519028811514,222.94179146134644,-14.49,-42.55,-19.868529659536218,5.816880607335858,-14.4
225.1712093759599,-14.6,-39.34,-21.95609232226057,5.970678353420154,225.1712093759599,-14.92,-39.79,-22.30487753579048,5.961593746641916,225.1712093759599,-15.71,-38.62,-22.829642384824925,5.970770469545785,225.1712093759599,-14.27,-37.3,-20.05399715275621,5.915953008603093,225.1712093759599,-14.43,-37.5,-20.00433437955371,5.962667188431702,-14.27
227.4229214697195,-14.77,-35.11,-22.1629621132277,5.972637608293342,227.4229214697195,-15.21,-35.73,-22.62618633683146,5.962709115829816,227.4229214697195,-15.93,-36.7,-23.051084879587908,5.95488035144284,227.4229214697195,-14.49,-35.34,-20.131784509252405,5.826748664564141,227.4229214697195,-14.72,-35.59,-20.166846443571828,5.969262936075107,-14.49
229.6971506844167,-15.05,-34.86,-22.41330405170376,5.965257747993793,229.6971506844167,-15.55,-35.86,-22.93774358752506,5.9655930132720245,229.6971506844167,-16.1,-37.09,-23.186142149900853,5.978126796915568,229.6971506844167,-14.61,-35.76,-20.168176560043737,5.809922546815923,229.6971506844167,-15.12,-36.25,-20.469456829367736,5.960813702842926,-14.61
231.99412219126089,-15.33,-40.58,-22.987120530802695,5.974495794625684,231.99412219126089,-15.92,-42.39,-23.578792543995398,5.972277622482062,231.99412219126089,-16.31,-43.22,-23.62920121510477,5.95567796308699,231.99412219126089,-14.49,-41.58,-20.293403453590415,5.945519321304069,231.99412219126089,-15.52,-42.49,-21.0824679599254,5.9550482785616445,-14.49
234.31406341317347,-15.64,-41.2,-23.74878812545608,5.967084715336293,234.31406341317347,-16.27,-40.72,-24.265546987792657,5.94462782687024,234.31406341317347,-17.23,-42.45,-23.352094694467407,5.431022003269733,234.31406341317347,-14.44,-39.48,-20.642690895848343,5.972445060442162,234.31406341317347,-15.88,-40.96,-21.84400905254265,5.956786046182956,-14.44
236.65720404730519,-15.99,-34.19,-24.021830856674022,5.950495777664244,236.65720404730519,-16.57,-34.38,-24.590396122425872,5.957188934388433,236.65720404730519,-17.16,-34.98,-23.29790852338152,5.5593344925449495,236.65720404730519,-14.53,-32.4,-20.72524698745316,5.914871089043277,236.65720404730519,-16.2,-34.08,-22.174923941878752,5.960855643278069,-14.53
239.02377608777823,-16.31,-32.83,-24.209554494552783,5.963002599362169,239.02377608777823,-16.88,-33.33,-24.773441895945997,5.9584813501428355,239.02377608777823,-17.31,-33.76,-23.277245863988444,5.656571399708484,239.02377608777823,-14.77,-31.33,-20.811272793561493,5.909974619234841,239.02377608777823,-16.54,-33.1,-22.359969296466414,5.970142376861711,-14.77
241.41401384865605,-16.71,-35.39,-24.341980767764074,5.94,241.41401384865605,-17.24,-36.26,-24.856164370337844,5.894149641805848,241.41401384865605,-17.55,-36.8,-23.242972303087488,5.609447388112309,241.41401384865605,-15.15,-34.52,-20.903235082716588,5.8748361679284296,241.41401384865605,-16.96,-36.33,-22.489738564463547,5.954049042458418,-15.15
243.82815398714263,-16.85,-45.24,-24.63069051707623,5.967134990931577,243.82815398714263,-17.33,-47.32,-25.08904583626657,5.967126611695112,243.82815398714263,-17.39,-49.08,-23.2657410405649,5.758489385246794,243.82815398714263,-15.08,-46.46,-21.033164587811406,5.9424658181600005,243.82815398714263,-17.18,-48.65,-22.88861773724389,5.960520111533892,-15.08
246.2664355270141,-16.96,-39.67,-24.8674208293586,5.962424003708558,246.2664355270141,-17.49,-39.3,-25.365761918445077,5.959110671903987,246.2664355270141,-17.3,-40.03,-23.331396987136714,5.865134269562804,246.2664355270141,-15.03,-37.55,-21.17953103883634,5.978503157145608,246.2664355270141,-17.35,-39.92,-23.215835224979,5.943551127062002,-15.03
248.7290998822842,-17.3,-38.96,-24.92500404705729,5.831826472041158,248.7290998822842,-17.82,-38.76,-25.422378561917117,5.85742264140125,248.7290998822842,-17.57,-38.59,-23.347808432391382,5.751782332460087,248.7290998822842,-15.35,-36.24,-21.22625942008285,5.810524933256892,248.7290998822842,-17.65,-38.57,-23.263864717092986,5.818676825533447,-15.35
251.21639088110703,-17.64,-39.64,-24.924587608166146,5.696042485796608,251.21639088110703,-18.16,-39.34,-25.421005730435567,5.699105192922832,251.21639088110703,-17.86,-37.94,-23.31158429017981,5.618807702707043,251.21639088110703,-15.66,-35.69,-21.212877848099087,5.661660533801014,251.21639088110703,-17.96,-37.97,-23.243074937779518,5.641843670290768,-15.66
253.7285547899181,-17.72,-35.34,-24.927100296244245,5.7132390112789775,253.7285547899181,-18.23,-35.4,-25.423024413227054,5.708686363779324,253.7285547899181,-17.92,-35.52,-23.30321392429853,5.684821896946287,253.7285547899181,-15.73,-33.35,-21.217296464638828,5.700614002017678,253.7285547899181,-18.0,-35.61,-23.212995042478877,5.6305594748657075,-15.73
256.2658403378173,-17.73,-36.78,-24.962484443997717,5.784859548856826,256.2658403378173,-18.24,-37.2,-25.451014257249497,5.768509339508777,256.2658403378173,-17.87,-37.9,-23.42088011735286,5.88680728408872,256.2658403378173,-15.7,-35.84,-21.29554931560854,5.910888258121616,256.2658403378173,-17.91,-38.05,-23.214404171117593,5.704813756819763,-15.7
258.82849874119546,-17.67,-41.55,-25.013862500583482,5.852127818152983,258.82849874119546,-18.17,-42.93,-25.497377846114606,5.809561084970188,258.82849874119546,-17.94,-45.16,-23.569137995970465,5.957491082662232,258.82849874119546,-15.82,-42.93,-21.51205362172714,5.971147293443698,258.82849874119546,-17.8,-45.05,-23.213996020323567,5.6987103804281904,-15.82
261.4167837286074,-17.97,-34.1,-25.005719180216836,5.670326269272343,261.4167837286074,-18.45,-34.27,-25.466372970111685,5.61920812926519,261.4167837286074,-18.32,-35.1,-23.613813875353586,5.813819742647685,261.4167837286074,-16.21,-32.82,-21.561519864137725,5.834312298806091,261.4167837286074,-18.01,-34.65,-23.09274330699602,5.467412550740981,-16.21
264.03095156589353,-18.03,-33.54,-25.022152945739247,5.745441671447026,264.03095156589353,-18.48,-33.6,-25.453645981947414,5.6611217969586205,264.03095156589353,-18.46,-33.99,-23.68694403801001,5.883689318786301,264.03095156589353,-16.35,-31.75,-21.630794851949865,5.883357884745751,264.03095156589353,-17.97,-33.38,-22.970511799070373,5.463167579344423,-16.35
266.6712610815524,-17.89,-41.55,-25.109651691704364,5.934593499137073,266.6712610815524,-18.3,-41.7,-25.495589927842985,5.814413126017105,266.6712610815524,-18.57,-41.07,-23.91790566049849,5.955510053723358,266.6712610815524,-16.42,-38.92,-21.94622206422592,5.961920831409957,266.6712610815524,-17.67,-40.13,-22.912010043358674,5.553566421678956,-16.42
269.337973692368,-17.94,-40.63,-25.48046482255832,5.95339398998588,269.337973692368,-18.12,-40.86,-25.632220350182557,5.9458472903363395,269.337973692368,-18.72,-43.53,-24.333309635000912,5.962373688389549,269.337973692368,-16.61,-41.04,-22.415805708817164,5.944425960511242,269.337973692368,-17.34,-41.85,-22.88250012658672,5.626490913526832,-16.61
272.0313534292916,-18.17,-36.87,-25.617899674535856,5.966313769824715,272.0313534292916,-18.32,-36.59,-25.74644500500885,5.921604512292255,272.0313534292916,-18.94,-37.43,-24.45104349517664,5.943475414267312,272.0313534292916,-16.88,-35.11,-22.535287427495238,5.917305129871197,272.0313534292916,-17.42,-35.64,-22.823076594946162,5.5429234163931955,-16.88
274.75166696358457,-18.39,-45.97,-25.826801384465604,5.957247686641878,274.75166696358457,-18.47,-44.57,-25.886128774725194,5.956819621240852,274.75166696358457,-19.13,-43.19,-24.571228615106783,5.915547311956858,274.75166696358457,-17.06,-40.84,-22.652692201703125,5.925580140374442,274.75166696358457,-17.43,-41.13,-22.763685366289344,5.5458092285977525,-17.06
277.4991836332204,-18.48,-41.05,-26.343202736893996,5.94859647311868,277.4991836332204,-18.6,-41.31,-26.411007867365388,5.955174220793209,277.4991836332204,-19.11,-44.05,-24.959162951753587,5.965978545050257,277.4991836332204,-17.07,-41.62,-23.091387003179907,5.955812287169567,277.4991836332204,-17.04,-41.62,-22.796069266483368,5.79325469835394,-17.04
280.27417546955263,-18.57,-37.88,-26.701712273063173,5.95738197533111,280.27417546955263,-18.77,-37.72,-26.850105915447536,5.9757928344279145,280.27417546955263,-19.15,-38.49,-25.29690726475793,5.957021067614247,280.27417546955263,-17.14,-36.17,-23.469794254979874,5.9615518113994455,280.27417546955263,-16.9,-35.89,-22.9711358533877,5.950941102044281,-16.9
283.0769172242482,-18.69,-49.08,-26.77794029505599,5.913856609692188,283.0769172242482,-18.94,-47.63,-26.99102119584839,5.9546704358847595,283.0769172242482,-19.23,-46.65,-25.37233505306365,5.889320843696664,283.0769172242482,-17.26,-44.34,-23.54907804061865,5.907334424256003,283.0769172242482,-17.07,-44.06,-23.105182843363792,5.949941176179812,-17.07
285.90768639649065,-18.76,-37.9,-26.8313196247801,5.830951894845301,285.90768639649065,-19.06,-38.83,-27.07828890380252,5.9244999789011725,285.90768639649065,-19.18,-39.6,-25.42340760203764,5.826293847721722,285.90768639649065,-17.22,-37.62,-23.61695274445121,5.872001362397662,285.90768639649065,-17.22,-37.61,-23.323974679868254,5.959370772153718,-17.22
288.76676326045555,-18.65,-35.01,-27.002164288432237,5.967989611251014,288.76676326045555,-19.19,-35.62,-27.459930286604237,5.963396683099322,288.76676326045555,-18.92,-35.13,-25.61206957486567,5.9568531961095035,288.76676326045555,-17.24,-33.27,-23.995936757075953,5.8669753706658785,288.76676326045555,-17.56,-33.56,-23.972162168696904,5.905260366825497,-17.24
291.6544308930601,-18.77,-42.26,-27.29268352339107,5.962700730373778,291.6544308930601,-19.41,-42.07,-27.85331406618557,5.951025121775238,291.6544308930601,-18.85,-40.19,-26.030623638808226,5.960696268054598,291.6544308930601,-17.16,-38.19,-24.457279792073546,5.9586323934272025,291.6544308930601,-17.75,-38.74,-24.70933257590369,5.9679979892758,-17.16
294.57097520199073,-18.96,-42.22,-27.334783217101744,5.800189652071732,294.57097520199073,-19.61,-43.92,-27.912474800556197,5.86247388053883,294.57097520199073,-18.7,-42.21,-26.18102044123616,5.916899525934171,294.57097520199073,-17.12,-40.93,-24.778165250862656,5.960914359391519,294.57097520199073,-17.91,-41.74,-25.31690897679041,5.965819306683701,-17.12
297.5166849540106,-19.11,-37.91,-27.334485633541284,5.699026232612024,297.5166849540106,-19.81,-39.18,-27.93601780462991,5.763427799495712,297.5166849540106,-18.52,-36.86,-26.4050556109203,5.974529270160117,297.5166849540106,-17.15,-35.45,-25.257008364494173,5.963245760489836,297.5166849540106,-18.09,-36.37,-26.061075827849532,5.979882941998111,-17.15
300.4918518035508,-18.95,-44.69,-27.373125558683444,5.8049720068231165,300.4918518035508,-19.67,-46.34,-27.994612618338657,5.856244530413668,300.4918518035508,-18.46,-44.4,-27.01439531451918,5.973625364885214,300.4918518035508,-17.27,-42.91,-25.99587091866794,5.930902123623352,300.4918518035508,-18.27,-43.89,-26.894483503450786,5.9617279374355885,-17.27
303.4967703215863,-18.93,-38.99,-27.384184532398272,5.723678886869878,303.4967703215863,-19.64,-40.58,-28.01058680428801,5.733951517060465,303.4967703215863,-18.43,-39.43,-27.074055700384516,5.853844890326357,303.4967703215863,-17.3,-38.42,-26.080523515727364,5.914406140940947,303.4967703215863,-18.37,-39.45,-26.96648862255806,5.887257426000668,-17.3
306.53173802480217,-19.3,-41.65,-27.415322495418774,5.792460617043504,306.53173802480217,-19.98,-42.98,-28.000642532285337,5.669761899762634,306.53173802480217,-19.03,-41.18,-27.015361608259692,5.547873466473439,306.53173802480217,-17.99,-39.95,-26.121394392268424,5.795903725908498,306.53173802480217,-19.08,-40.98,-26.9599154805342,5.684267762869727,-17.99
309.5970554050502,-19.39,-49.77,-27.472841910811233,5.811273526517231,309.5970554050502,-20.02,-50.39,-28.01441530648153,5.731151716714537,309.5970554050502,-19.29,-49.5,-26.935416823150273,5.4915571562171674,309.5970554050502,-18.35,-49.01,-26.139812732825902,5.755840512036449,309.5970554050502,-19.41,-50.22,-26.92074558858344,5.591788622614414,-18.35
312.6930259591007,-19.24,-37.61,-27.54217526874693,5.882405970349208,312.6930259591007,-19.85,-38.69,-28.055067917486948,5.819596205923568,312.6930259591007,-19.28,-37.57,-26.87202466340721,5.552341848265469,312.6930259591007,-18.46,-36.97,-26.19607043908252,5.857516538602345,312.6930259591007,-19.43,-37.95,-26.88939501576132,5.624499977775803,-18.46
315.8199562186917,-19.46,-38.59,-27.552986861187442,5.727669683213235,315.8199562186917,-20.02,-39.92,-28.046802623416966,5.666127425323224,315.8199562186917,-19.57,-38.96,-26.73283279240895,5.443271075373705,315.8199562186917,-18.92,-38.37,-26.22240203807507,5.764139137807138,315.8199562186917,-19.77,-39.21,-26.804003543267587,5.473463254649656,-18.92
318.97815578087864,-19.7,-55.24,-27.492750041008534,5.5470172164867115,318.97815578087864,-20.23,-51.59,-27.961290147628283,5.475116437118027,318.97815578087864,-19.62,-50.55,-26.329659818302623,5.424149702948841,318.97815578087864,-19.35,-49.76,-26.200006235147967,5.6341636468956064,318.97815578087864,-19.83,-50.54,-26.40323268477045,5.433166664110352,-19.35
322.16793733868735,-19.55,-37.86,-27.46756966122704,5.638847399956839,322.16793733868735,-20.05,-38.39,-27.90427226213881,5.542093467273897,322.16793733868735,-19.56,-37.64,-26.239259936654356,5.477572455020564,322.16793733868735,-19.4,-37.68,-26.211193164088407,5.73169259468789,322.16793733868735,-19.79,-38.11,-26.31745836280741,5.475408660547631,-19.4
325.3896167120742,-19.58,-38.73,-27.45555434729773,5.668324267365091,325.3896167120742,-20.03,-39.94,-27.8560843272331,5.56841988359355,325.3896167120742,-19.59,-39.11,-26.117214520848908,5.460567736050894,325.3896167120742,-19.57,-39.27,-26.22800701891551,5.739172414207469,325.3896167120742,-19.86,-39.54,-26.24164054334858,5.499981818151766,-19.57
328.64351287919493,-19.83,-63.71,-27.396065093110703,5.533940729715128,328.64351287919493,-20.12,-55.25,-27.653316696259022,5.437968370632548,328.64351287919493,-19.57,-53.42,-25.697592204021074,5.438437275541568,328.64351287919493,-19.92,-52.62,-26.184983772248334,5.582123251953508,328.64351287919493,-19.98,-52.98,-25.960481650396837,5.432099041806952,-19.57
331.92994800798687,-19.93,-40.18,-27.313108434394326,5.483019241257503,331.92994800798687,-19.98,-39.71,-27.327298123327303,5.441497955526584,331.92994800798687,-19.52,-38.51,-25.3534050378597,5.436294693998844,331.92994800798687,-20.15,-39.25,-26.10987568127302,5.50212686149638,331.92994800798687,-20.0,-39.09,-25.65707248970481,5.438841788469306,-19.52
335.24924748806666,-19.71,-41.58,-27.209594149734034,5.459890108784242,335.24924748806666,-19.74,-41.58,-27.2023461388062,5.443215961175894,335.24924748806666,-19.35,-40.84,-25.227196075637444,5.471133337801229,335.24924748806666,-20.02,-41.84,-26.01916382882923,5.468966995694891,335.24924748806666,-19.67,-41.43,-25.36174184907213,5.448889795178464,-19.35
338.60173996294736,-19.9,-43.07,-27.07442240106717,5.449036612099427,338.60173996294736,-19.74,-42.82,-26.903832222850124,5.442912823112272,338.60173996294736,-19.53,-43.43,-25.023161229157683,5.443509897116014,338.60173996294736,-20.18,-44.46,-25.803482965415945,5.430110496113316,338.60173996294736,-19.73,-44.03,-25.04122615882328,5.427559304143991,-19.53
341.9877573625768,-20.14,-50.31,-26.95477589082042,5.481067414290759,341.9877573625768,-19.8,-48.39,-26.6084396481402,5.432964200139736,341.9877573625768,-19.67,-46.36,-24.72878363970533,5.43084707941588,341.9877573625768,-20.39,-47.5,-25.584346854581423,5.448311665094058,341.9877573625768,-19.92,-46.85,-24.774062393413548,5.430810252623452,-19.67
345.4076349362026,-20.1,-46.17,-26.93843006041143,5.646742423734237,345.4076349362026,-19.72,-44.08,-26.539748311881084,5.5044981605955705,345.4076349362026,-19.6,-45.48,-24.65491423249875,5.5308769648221245,345.4076349362026,-20.34,-46.09,-25.53079779431475,5.554241622399948,345.4076349362026,-19.89,-45.64,-24.71343725348351,5.5554387765504165,-19.6
348.86171128556464,-20.31,-42.46,-26.919813141386644,5.652477332993032,348.86171128556464,-19.81,-40.79,-26.419727035669734,5.4722116187150505,348.86171128556464,-19.74,-39.68,-24.56387900638611,5.4756460806009,348.86171128556464,-20.49,-40.33,-25.462388153880397,5.520045289669278,348.86171128556464,-20.05,-39.84,-24.661549159828287,5.57245906220943,-19.74
352.35032839842034,-20.78,-40.84,-26.792877849807617,5.4561983101789835,352.35032839842034,-19.88,-39.24,-25.912137737682066,5.432108246344138,352.35032839842034,-19.85,-39.53,-24.091409601522194,5.435641636458386,352.35032839842034,-20.74,-40.5,-25.12297273442391,5.424555281311086,352.35032839842034,-20.48,-40.18,-24.490422633319422,5.433019418334523,-19.85
355.8738316824045,-20.76,-50.21,-26.727003275915074,5.535873914749143,355.8738316824045,-19.81,-50.36,-25.793401039472666,5.447256190046509,355.8738316824045,-19.65,-53.64,-24.005965347985548,5.565294241996554,355.8738316824045,-20.67,-56.09,-25.04675748546068,5.49433344455904,355.8738316824045,-20.45,-56.54,-24.430968512463213,5.553566421678956,-19.65
359.4325699992286,-20.81,-41.54,-26.650264871025872,5.498581635294689,359.4325699992286,-19.75,-39.94,-25.615101463029017,5.434583700707903,359.4325699992286,-19.68,-40.63,-23.93938787895824,5.528119029109268,359.4325699992286,-20.68,-41.25,-24.973893513695923,5.508566056606746,359.4325699992286,-20.49,-41.02,-24.402957275516137,5.6148463914874815,-19.68
363.02689569922086,-20.96,-39.83,-26.250420376183513,5.430488007536707,363.02689569922086,-19.76,-37.85,-25.07750055592527,5.429742166990988,363.02689569922086,-19.83,-38.54,-23.55569891329268,5.438556793856252,363.02689569922086,-20.9,-39.37,-24.67766623356944,5.438924526043729,363.02689569922086,-20.93,-39.37,-24.3131035022634,5.476230455340608,-19.76
366.65716465621307,-20.87,-51.64,-26.120343641557824,5.448274956350863,366.65716465621307,-19.68,-47.85,-24.948615987875925,5.458516281921307,366.65716465621307,-19.73,-45.94,-23.470183532855195,5.483849013238785,366.65716465621307,-20.86,-46.83,-24.60512772506701,5.52869785754295,366.65716465621307,-20.93,-46.81,-24.25940858044708,5.559163606155156,-19.68
370.3237363027752,-20.72,-48.81,-26.03550251718503,5.484870098735247,370.3237363027752,-19.54,-46.43,-24.875334031664533,5.492795281093224,370.3237363027752,-19.6,-49.14,-23.386447158208227,5.476714343472736,370.3237363027752,-20.78,-49.2,-24.582001617639914,5.640381192791848,370.3237363027752,-20.86,-49.19,-24.25293639671217,5.673640806395836,-19.54
374.026973665803,-20.51,-46.04,-25.483751942167753,5.4329734032111725,374.026973665803,-19.23,-44.76,-24.227491471765227,5.440909850383482,374.026973665803,-19.2,-44.07,-22.62030664438262,5.436966065739237,374.026973665803,-21.05,-45.34,-24.494162990729762,5.461986817999471,374.026973665803,-21.14,-45.31,-24.179731228388786,5.5105898050934625,-19.2
377.767243402461,-20.17,-42.56,-25.263042006088646,5.43907161195732,377.767243402461,-19.03,-40.96,-24.1390919661096,5.489508174691062,377.767243402461,-18.92,-41.7,-22.480990990977283,5.440597393669192,377.767243402461,-20.88,-43.1,-24.40577579367235,5.4598260045536255,377.767243402461,-21.03,-43.14,-24.120607915998665,5.5406136844216105,-18.92
381.5449158364856,-19.81,-49.98,-25.20889856273257,5.5574994376967775,381.5449158364856,-18.72,-46.62,-24.148886792636482,5.72547814597174,381.5449158364856,-18.6,-47.4,-22.444811463023246,5.604052105396594,381.5449158364856,-20.58,-48.29,-24.375934300083102,5.615104629479312,381.5449158364856,-20.74,-48.39,-24.12860496121418,5.720926498391672,-18.6
385.36036499485044,-19.75,-44.22,-25.12120783053148,5.468070957842446,385.36036499485044,-18.74,-45.04,-24.13718839673263,5.675473548524388,385.36036499485044,-18.56,-45.13,-22.391723219239697,5.567081820846537,385.36036499485044,-20.55,-47.5,-24.351436235437557,5.630816992231232,385.36036499485044,-20.67,-47.58,-24.12683096224136,5.742212117294169,-18.56
389.21396864479897,-19.35,-39.1,-25.095249485651923,5.633240630400943,389.21396864479897,-18.42,-38.62,-24.18852271149352,5.840530797795694,389.21396864479897,-18.05,-38.71,-22.45459957250675,5.85942829975758,389.21396864479897,-20.16,-40.48,-24.476157262196182,5.948873843005918,389.21396864479897,-20.36,-40.59,-24.264476188206444,5.950815070223575,-18.05
393.106108331247,-18.94,-48.75,-25.13537203537903,5.8064791397196975,393.106108331247,-18.09,-45.38,-24.32272560709925,5.965802544503127,393.106108331247,-17.78,-46.15,-22.986850553771863,5.960520111533892,393.106108331247,-20.15,-48.12,-25.23501560503934,5.956282397603392,393.106108331247,-20.26,-48.56,-25.00587735586413,5.9578183926669,-17.78
397.03716941455946,-18.91,-35.88,-25.15217660171077,5.736671508810662,397.03716941455946,-18.11,-35.81,-24.39506785360145,5.909746187443247,397.03716941455946,-17.7,-35.47,-23.285349052161468,5.957860354187567,397.03716941455946,-20.16,-38.12,-25.86841199141373,5.959312040831558,397.03716941455946,-20.18,-38.11,-25.58996298148191,5.9647883449456955,-17.7
401.00754110870514,-18.56,-37.28,-25.27442455150411,5.929055574035377,401.00754110870514,-18.02,-37.0,-24.777029314358312,5.958682740337834,401.00754110870514,-17.69,-36.84,-24.19180410868745,5.906293253809872,401.00754110870514,-20.13,-39.04,-27.010159670979128,5.970669979156443,401.00754110870514,-20.18,-39.04,-26.744596398794922,5.95353676397484,-17.69
405.01761651979217,-18.45,-38.17,-25.399844646560677,5.917305129871199,405.01761651979217,-17.94,-37.2,-24.92303236206847,5.94954620118207,405.01761651979217,-17.38,-36.89,-24.492540313044003,5.954603261343277,405.01761651979217,-19.96,-39.63,-27.44006602302114,5.9711640406205575,405.01761651979217,-20.12,-39.86,-27.228907813393842,5.964989522203706,-17.38
409.06779268499014,-18.6,-35.41,-25.463235516213174,5.862132717706072,409.06779268499014,-18.1,-35.66,-24.99788372446805,5.885830442681813,409.06779268499014,-17.53,-34.98,-24.52570486614824,5.784712611703367,409.06779268499014,-20.21,-37.76,-27.45278656448109,5.741445810943443,409.06779268499014,-20.45,-37.93,-27.27138328444488,5.812280103367352,-17.53
413.15847061183996,-18.53,-51.19,-25.884755553251715,5.953259611338985,413.15847061183996,-17.96,-52.91,-25.34001180692193,5.973056169164995,413.15847061183996,-17.4,-50.12,-24.5743403001572,5.817439299210608,413.15847061183996,-20.09,-51.72,-27.44079235114973,5.671569447692588,413.15847061183996,-20.38,-52.15,-27.29990378998066,5.7753701180097545,-17.4
417.2900553179584,-18.7,-44.42,-26.021721451066785,5.963773972913463,417.2900553179584,-18.09,-43.57,-25.449037455559424,5.9362867181429175,417.2900553179584,-17.72,-42.26,-24.54844269260643,5.640283680808972,417.2900553179584,-20.32,-45.26,-27.300672030478328,5.453806010484788,417.2900553179584,-20.66,-45.57,-27.23862654607327,5.542571605311021,-17.72
421.462955871138,-18.79,-41.97,-26.22973073354721,5.96762934505822,421.462955871138,-18.03,-41.03,-25.49942346518885,5.827126221389063,421.462955871138,-17.76,-41.28,-24.458593513983807,5.462865548409551,421.462955871138,-20.41,-44.27,-27.24297305498444,5.5451961191647685,421.462955871138,-20.78,-44.6,-27.195502489517764,5.578073144016669,-17.76
425.6775854298494,-18.87,-40.94,-26.71729206271091,5.962935518685407,425.6775854298494,-17.72,-40.21,-25.58612044344245,5.927250627398844,425.6775854298494,-17.5,-40.19,-24.38547645782393,5.523522426857703,425.6775854298494,-20.25,-43.27,-27.263881590308362,5.757369190871817,425.6775854298494,-20.59,-43.49,-27.20798981320131,5.725198686508618,-17.5
429.9343612841479,-19.01,-78.65,-26.78197479526401,5.877244252198473,429.9343612841479,-17.82,-53.65,-25.601311296666285,5.738684518249805,429.9343612841479,-17.43,-59.63,-24.152525594533447,5.44891732365247,429.9343612841479,-20.49,-63.24,-27.24885994368263,5.668412476170025,429.9343612841479,-20.8,-64.18,-27.167864478026928,5.591082185051477,-17.43
434.23370489698937,-18.85,-38.42,-27.03055247263391,5.969020020070295,434.23370489698937,-17.47,-36.14,-25.657396511009498,5.8517433299829555,434.23370489698937,-17.04,-35.4,-24.11105477021754,5.587682882913095,434.23370489698937,-20.26,-38.67,-27.308609371992357,5.862832080146933,434.23370489698937,-20.57,-38.92,-27.198188816428875,5.777906195154089,-17.04
438.57604194595933,-18.82,-41.25,-27.153489108224136,5.9350147430313935,438.57604194595933,-17.35,-40.29,-25.702143794097857,5.818883054332678,438.57604194595933,-17.01,-39.17,-24.05771968789671,5.5425084573683785,438.57604194595933,-20.3,-42.67,-27.381200771595488,5.906098543031602,438.57604194595933,-20.57,-42.91,-27.24922985214189,5.835152097417857,-17.01
442.96180236541886,-18.89,-41.15,-27.17956516253702,5.765951786132103,442.96180236541886,-17.39,-38.58,-25.681948151632795,5.647521580304054,442.96180236541886,-17.0,-37.08,-23.969881091696294,5.492995539776088,442.96180236541886,-20.47,-40.44,-27.418955735313762,5.8010430096664525,442.96180236541886,-20.74,-40.68,-27.251002723264804,5.7058391144510905,-17.0
447.391420389073,-18.56,-36.38,-27.2614638476576,5.897906408209613,447.391420389073,-17.02,-34.08,-25.72421509307087,5.798258359197183,447.391420389073,-16.65,-33.64,-23.988842442225746,5.746007309428,447.391420389073,-20.32,-37.33,-27.650044264218412,5.975165269680831,447.391420389073,-20.46,-37.43,-27.335439212093014,5.901279522273113,-16.65
451.8653345929638,-18.75,-46.39,-27.226029995910483,5.612744426748825,451.8653345929638,-17.19,-48.23,-25.67579618682849,5.57173222615732,451.8653345929638,-16.85,-49.5,-23.96951730200184,5.657897135862403,451.8653345929638,-20.57,-53.32,-27.706394053774872,5.835289195918228,451.8653345929638,-20.67,-54.14,-27.34535358094241,5.7240545070780025,-16.85
456.38398793889337,-18.59,-38.49,-27.174064702289147,5.569156129971577,456.38398793889337,-17.03,-36.11,-25.610746524654985,5.5229068433208255,456.38398793889337,-16.65,-36.08,-24.011340605829467,5.7959382329352,456.38398793889337,-20.49,-39.84,-27.79911474401508,5.922921576384411,456.38398793889337,-20.58,-39.84,-27.36557531604988,5.750669526237793,-16.65
460.9478278182824,-18.47,-44.8,-27.052850452223712,5.4662692945005915,460.9478278182824,-16.77,-40.93,-25.351172071474924,5.438759049636231,460.9478278182824,-16.66,-40.6,-24.008800333218808,5.698859535029794,460.9478278182824,-20.53,-44.37,-27.889809655144248,5.9363035636665344,460.9478278182824,-20.54,-44.23,-27.40017909910997,5.795800203595704,-16.66
465.5573060964652,-17.94,-61.05,-26.153773432332923,5.444382425950622,465.5573060964652,-16.19,-50.82,-24.35426703168911,5.4312889814481435,465.5573060964652,-16.62,-51.27,-23.722020644136013,5.4247396250880096,465.5573060964652,-20.84,-55.21,-27.88045707838115,5.669329766383323,465.5573060964652,-20.85,-55.48,-27.352591598681894,5.579865589779023,-16.19
470.2128791574299,-17.51,-38.29,-25.9264281824109,5.434022451186597,470.2128791574299,-15.81,-37.06,-24.284142531670174,5.579856628982504,470.2128791574299,-16.39,-37.82,-23.708112466154645,5.659187220794166,470.2128791574299,-20.61,-41.86,-27.870933762907573,5.6833880740276745,470.2128791574299,-20.62,-41.73,-27.339540035577894,5.655059681382682,-15.81
474.91500794900423,-17.33,-41.82,-25.166707576668475,5.415542447437745,474.91500794900423,-15.86,-38.84,-23.769359395679285,5.446209691152187,474.91500794900423,-16.82,-39.94,-23.58125134556039,5.443243518344555,474.91500794900423,-20.95,-43.78,-27.650069322834444,5.42952115752393,474.91500794900423,-21.04,-43.79,-27.20097373656116,5.445466003933915,-15.86
479.66415802849417,-17.2,-43.36,-25.09586609841341,5.511161402100288,479.66415802849417,-15.68,-44.89,-23.68559812236722,5.460842425853358,479.66415802849417,-16.63,-45.75,-23.520670153389077,5.525993123412298,479.66415802849417,-20.82,-50.28,-27.56255925613777,5.477307732819109,479.66415802849417,-20.98,-50.64,-27.146950743624764,5.551387214021375,-15.68
484.4607996087792,-17.46,-39.5,-25.01581827668231,5.485590214370737,484.4607996087792,-15.64,-38.73,-23.28129434988276,5.4422789344170885,484.4607996087792,-16.67,-38.96,-23.189087823887785,5.45216470771014,484.4607996087792,-20.78,-42.87,-27.22877948446077,5.4174625056385945,484.4607996087792,-21.15,-43.01,-27.082052211768406,5.5274225458164485,-15.64
489.30540760486696,-17.64,-50.56,-24.963350034530073,5.560008992798481,489.30540760486696,-15.43,-44.63,-22.904256532414287,5.4422421849822165,489.30540760486696,-16.48,-44.07,-22.939762443222445,5.419695563405753,489.30540760486696,-20.56,-48.24,-26.93589401411764,5.4376925253272645,489.30540760486696,-21.17,-49.29,-27.008662412107906,5.514208918784272,-15.43
494.1984616809156,-17.56,-35.22,-25.00523231603292,5.812280103367352,494.1984616809156,-15.23,-34.03,-22.788881857570118,5.4774264029743005,494.1984616809156,-16.12,-35.11,-22.852310114343723,5.51849617196569,494.1984616809156,-20.06,-39.1,-26.894353461922638,5.596311285123444,494.1984616809156,-20.7,-39.6,-27.064319702368213,5.864827363188111,-15.23
499.14044629772485,-17.89,-39.86,-25.028471153095197,5.767720520274887,499.14044629772485,-15.05,-36.37,-22.36031325814443,5.443868110084961,499.14044629772485,-15.92,-37.58,-22.760149558477316,5.465656410715917,499.14044629772485,-19.81,-41.33,-26.849007794808685,5.575096411722401,499.14044629772485,-20.56,-42.23,-27.13364372963731,5.885040356701047,-15.05
